Age_Group,Gender,Rating
15-24歲,男性,0.06978844226700814
15-24歲,女性,0.07828972274802362
25-34歲,男性,0.08965594031845006
25-34歲,女性,0.09331143525219908
35-44歲,男性,0.07716623983966152
35-44歲,女性,0.08152878298630442
45-54歲,男性,0.08252755817837656
45-54歲,女性,0.10753924952677876
55歲以上,男性,0.09102995212114465
55歲以上,女性,0.13530341832758044
